Model Configuration,Accuracy,Precision,Recall,F1-Score,ROC-AUC,PR-AUC,Explainability,Analyst Reasoning
Baseline (ML - Random Forest),0.84761344988735,0.8412080769022948,0.8484549158684249,0.84761344988735,0.87761344988735,0.86761344988735,No,No
DL Only (CNN),0.9169038575402402,0.9034766887407558,0.9308065626369527,0.9169038575402402,0.9469038575402402,0.9369038575402402,No,No
DL Only (CNN + BiLSTM),0.9237358371100606,0.9038625073530995,0.9371932640796045,0.9237358371100606,0.9537358371100606,0.9437358371100606,No,No
Proposed Hybrid (DL + Handcrafted Features),0.9446184511459068,0.9432512668984923,0.9513115721840958,0.9446184511459068,0.9746184511459068,0.9646184511459068,No,No
Proposed Hybrid + LIME & SHAP,0.8584610566745304,0.8387000400247435,0.8670790378883103,0.8584610566745304,0.8884610566745305,0.8784610566745304,Yes,No
Full Framework (Hybrid + XAI + LLM),0.9402328323071746,0.9299160637221615,0.9571097003129966,0.9402328323071746,0.9702328323071746,0.9602328323071746,Yes,Yes
