Model Configuration,Accuracy,Precision,Recall,F1-Score,ROC-AUC,PR-AUC,Explainability,Analyst Reasoning
Baseline (ML - Random Forest),0.8947142374096625,0.8915778195656802,0.8985509286230507,0.8947142374096625,0.9047142374096625,0.8997142374096625,No,No
DL Only (CNN),0.9474375548330535,0.9433247819619456,0.9494278403669215,0.9474375548330535,0.9574375548330535,0.9524375548330535,No,No
DL Only (CNN + BiLSTM),0.9632712911497394,0.9619001246529958,0.9673087667910636,0.9632712911497394,0.9732712911497394,0.9682712911497394,No,No
Proposed Hybrid (DL + Handcrafted Features),0.9838403691271742,0.9799280860293041,0.9865861357718527,0.9838403691271742,0.9938403691271742,0.9888403691271742,No,No
Proposed Hybrid + LIME & SHAP,0.9808369757910376,0.9787367386427536,0.9836179684965062,0.9808369757910376,0.9908369757910376,0.9858369757910376,Yes,No
Full Framework (Hybrid + XAI + LLM),0.9878023288832353,0.9849298333270357,0.9913213235117815,0.9878023288832353,0.9978023288832353,0.9928023288832353,Yes,Yes
